ID,Slope,Offset
0,0.494907924,404.1155743
1,0.494907924,404.1155743
2,0.494907924,404.1155743
3,0.494907924,404.1155743
4,0.494907924,404.1155743
5,0.494907924,404.1155743