ID,Slope,Offset
0,0.64453125,310.3030303
1,0.64453125,310.3030303
2,0.64453125,310.3030303
3,0.120849609,310.3030303
4,0.351710858,310.3030303
5,0.350960125,310.3030303
6,0.000000000,0
7,0.02678833,466.6210982
8,0.013394165,466.6210982
9,0.42861328,466.6210982
10,0.08036499,466.6210982
11,0.42861328,466.6210982
12,0.64453125,310.3030303
13,2.416992188,310.3030303
14,2.416992188,310.3030303
15,0,0
16,-2.84020000,2048
17,-2.84020000,2048
18,-2.84020000,2048